CRm;posm;desc;ax_code
13;32330992;c.755_758delACAG;AX-98065534
13;32330992;c.755_758delACAG;AX-90077765
13;32331004;c.771_775delTCAAA;AX-86644804
13;32331004;c.771_775delTCAAA;AX-86624575
13;32332764;c.1286T>G;AX-179103477
13;32332764;c.1286T>G;AX-179126110
13;32338202;c.3847_3848delGT;AX-86612476
13;32338202;c.3847_3848delGT;AX-86655140
13;32338236;c.3881T>A;AX-98065079
13;32338236;c.3881T>A;AX-98030872
13;32338581;c.4226T>A;AX-183036423
13;32339658;c.5303_5304delTT;AX-90053423
13;32339658;c.5303_5304delTT;AX-90082310
13;32339924;c.5569G>T;AX-88795962
13;32339924;c.5569G>T;AX-88752917
13;32339973;c.5621_5624delTTAA;AX-90045872
13;32339973;c.5621_5624delTTAA;AX-90074757
13;32340622;c.6267_6269delGCAinsC;AX-118453329
13;32340630;c.6275_6276delTT;AX-88817195
13;32340630;c.6275_6276delTT;AX-88774150
13;32356550;c.7558C>T;AX-86661819
13;32363529;c.8327T>G;AX-90026687
13;32363529;c.8327T>G;AX-90055572
13;32363535;c.8331+2T>A;AX-118482597
13;32370400;c.8332-2A>G;AX-164433092
13;32370400;c.8332-2A>G;AX-164428969
13;32371097;c.8629G>T;AX-98065192
13;32371097;c.8629G>T;AX-98030985
13;32379913;c.9117G>A;AX-94363627
13;32380005;c.9118-2A>G;AX-86698784
16;23634954;c.1592delT;AX-86565731
17;43045700;c.5569delC;AX-168955696
17;43045700;c.5569delC;AX-168923203
17;43045767;c.5503C>T;AX-88780257
17;43045767;c.5503C>T;AX-88737212
17;43047643;c.5467G>A;AX-90069986
17;43057062;c.5266dupC;AX-90072727
17;43057078;c.5251C>T;AX-88754302
17;43057078;c.5251C>T;AX-88797347
17;43057120;c.5209dupA;AX-179109139
17;43067646;c.5026_5036delTTAACTAATCT;AX-169024333
17;43067684;c.4997dupA;AX-179107400
17;43067684;c.4997dupA;AX-169018843
17;43071225;c.4689C>G;AX-88754354
17;43074350;c.4656C>G ;AX-98066713
17;43074350;c.4656C>G ;AX-98032506
17;43090946;c.4183C>T;AX-88797365
17;43090946;c.4183C>T;AX-88754320
17;43091034;c.4097-2A>G;AX-90041181
17;43091034;c.4097-2A>G;AX-178460004
17;43091034;c.4097-2A>G;AX-178481501
17;43091496;c.4035delA;AX-88817429
17;43091496;c.4035delA;AX-88774384
17;43091772;c.3756_3759delGTCT;AX-86650835
17;43091772;c.3756_3759delGTCT;AX-169023820
17;43091905;c.3626delT;AX-90082425
17;43091905;c.3626delT;AX-90053538
17;43092046;c.3485delA;AX-88774364
17;43092142;c.3388delT;AX-183648677
17;43092142;c.3388delT;AX-183648678
17;43092302;c.3228_3229delAG;AX-90082455
17;43092302;c.3228_3229delAG;AX-94352969
17;43092386;c.3145delT;AX-90076500
17;43092386;c.3145delT;AX-90047614
17;43092440;c.3091dupA;AX-183175920
17;43092440;c.3091dupA;AX-183045081
17;43092608;c.2923C>T;AX-88797407
17;43092608;c.2923C>T;AX-88754362
17;43092845;c.2685_2686delAA;AX-90053569
17;43092845;c.2685_2686delAA;AX-90082456
17;43092932;c.2599C>T;AX-179105361
17;43092932;c.2599C>T;AX-179127679
17;43093056;c.2475delC;AX-90053728
17;43093726;c.1805delA;AX-90043091
17;43093726;c.1805delA;AX-90071976
17;43093844;c.1687C>T;AX-83076097
17;43093919;c.1612C>T;AX-88797324
17;43093919;c.1612C>T;AX-88754279
17;43094023;c.1504_1508delTTAAA;AX-86676664
17;43094439;c.1082_1092delCAGAGAATCCT;AX-88817457
17;43094439;c.1082_1092delCAGAGAATCCT;AX-88774412
17;43094603;c.928C>T;AX-90059206
17;43094603;c.928C>T;AX-90030321
17;43094794;c.737delT;AX-90078994
17;43094794;c.737delT;AX-90050109
17;43095848;c.667_668delAA;AX-90071929
17;43095848;c.667_668delAA;AX-90043044
17;43095919;c.594_597delTGTG;AX-168642003
17;43095919;c.594_597delTGTG;AX-164148743